{"Lake Name": "Bde Maka Ska", "Robot ID": "6af51ad3-e0b3-439a-9b00-1b528785e44c", "Temperature": -5.91511474782058, "pH": 0.21117065071258795, "Latitude": 44.946461, "Longitude": -93.311347}