{"Lake Name": "Kabetogama", "Robot ID": "80814899-e388-487c-aecb-73ff4ba3ebe9", "Temperature": 3.9760274490735994, "pH": -0.17970464600284525, "Latitude": 48.452949, "Longitude": -92.999549}