{"Lake Name": "Lake of The Woods", "Robot ID": "24324dfb-fb35-4caf-a3ae-b6dc4374c3f3", "Temperature": -4.1822287387894885, "pH": 0.2628695113560656, "Latitude": 49.026109, "Longitude": -94.838324}