{"Lake Name": "Minnetonka", "Robot ID": "0daa17d9-c0c8-49f6-b267-d04eb7abc36c", "Temperature": 2.928176065539927, "pH": 0.8665882160589876, "Latitude": 44.907432, "Longitude": -93.634574}