{"Lake Name": "Pepin", "Robot ID": "549c8bee-9ebc-464c-8104-6b3ffc25b43b", "Temperature": 10.240953325300211, "pH": -0.0912596836353717, "Latitude": 44.471546, "Longitude": -93.593009}