{"Lake Name": "Swan", "Robot ID": "5d38a01c-97ab-4928-91ff-583cc4ba8d65", "Temperature": 2.432250386391828, "pH": 0.036346477970032126, "Latitude": 44.303298, "Longitude": -94.261268}